<?xml version="1.0" ?>
<rdf:RDF xmlns:grn="urn:bbn.com:tasbe:grn/" xmlns:rdf="http://www.w3.org/1999/02/22-rdf-syntax-ns#" xmlns:sbh="http://wiki.synbiohub.org/wiki/Terms/synbiohub#" xmlns:sbol="http://sbols.org/v2#" xmlns:dcterms="http://purl.org/dc/terms/" xmlns:annot="http://myannotation.org/" xmlns:synbiohub="http://synbiohub.org#" xmlns:prov="http://www.w3.org/ns/prov#">
  <sbol:ComponentDefinition rdf:about="http://www.async.ece.utah.edu/file_name4/1.0">
    <sbol:persistentIdentity rdf:resource="http://www.async.ece.utah.edu/file_name4"/>
    <sbol:displayId>file_name4</sbol:displayId>
    <sbol:version>1.0</sbol:version>
	<sbh:mutableDescription>File name: file_name4
	File Type: file_type4
	File URL: file_url4
	Data Sent: data4</sbh:mutableDescription>
    <sbol:type rdf:resource="http://www.biopax.org/release/biopax-level3.owl#DnaRegion"/>
    <sbol:role rdf:resource="http://identifiers.org/so/SO:0000167"/>
  </sbol:ComponentDefinition>
</rdf:RDF>